episode,rho,bursty,return,mean_jct,makespan,loss,policy_loss,value_loss,entropy,eval_mean_jct
1,0.5,1,-47.13979687936959,39283.16406614133,1505687.3697789276,0.0,0.0,0.0,0.0,
2,0.75,1,-44.18835182141876,55235.43977677346,532645.2862465893,0.0,0.0,0.0,0.0,
3,1.5,0,-40.281700662091424,50352.12582761428,202158.5236973934,0.0,0.0,0.0,0.0,
4,0.75,1,-70.34781273133557,43967.38295708473,834762.0634784193,0.0,0.0,0.0,0.0,
5,1.5,1,-72.61309881279205,45383.18675799503,680567.7761569094,0.0,0.0,0.0,0.0,
6,0.75,0,-49.888077324464916,41573.39777038743,420675.0867757045,0.0,0.0,0.0,0.0,
7,0.75,0,-45.66698378195299,38055.81981829416,515770.66901754105,0.0,0.0,0.0,0.0,
8,0.75,1,-50.79321767941087,42327.68139950906,1097651.0961346002,0.0,0.0,0.0,0.0,
9,0.5,1,-56.19501985905384,46829.183215878205,1899172.5528979935,0.0,0.0,0.0,0.0,
10,1.5,1,-32.16634617100099,40207.93271375124,315434.942638239,5.890720844268799,-0.0013892640126869082,23.568927764892578,0.006105345673859119,
11,1.5,1,-74.07255014010347,52908.9643857882,407721.43676720397,5.890720844268799,-0.0013892640126869082,23.568927764892578,0.006105345673859119,
12,1.5,1,-75.82112884616198,47388.205528851235,806037.3697455537,5.890720844268799,-0.0013892640126869082,23.568927764892578,0.006105345673859119,
13,1.5,1,-40.30520433138921,50381.50541423652,390805.53683568106,5.890720844268799,-0.0013892640126869082,23.568927764892578,0.006105345673859119,
14,0.75,0,-27.975373824799878,34969.217280999845,304695.39706237515,5.890720844268799,-0.0013892640126869082,23.568927764892578,0.006105345673859119,
15,0.5,1,-64.32471007786462,45946.22148418902,1295609.9467192397,5.890720844268799,-0.0013892640126869082,23.568927764892578,0.006105345673859119,
16,0.75,1,-54.1510160356019,54151.0160356019,336760.41505554516,5.890720844268799,-0.0013892640126869082,23.568927764892578,0.006105345673859119,
17,0.5,0,-37.78955481689717,37789.55481689717,525733.3949471551,5.890720844268799,-0.0013892640126869082,23.568927764892578,0.006105345673859119,
18,0.75,0,-57.25431410798154,47711.92842331795,401123.4858517783,5.890720844268799,-0.0013892640126869082,23.568927764892578,0.006105345673859119,
19,0.9,0,-43.45211574699071,54315.14468373838,355306.8947357363,5.890720844268799,-0.0013892640126869082,23.568927764892578,0.006105345673859119,
20,0.5,0,-56.12281284062638,40087.72345759027,711269.7417327836,6.262660026550293,0.00036481069400906563,25.049577713012695,0.004951701033860445,
21,0.5,1,-64.47584059897115,40297.40037435696,2700138.373809212,6.262660026550293,0.00036481069400906563,25.049577713012695,0.004951701033860445,
22,0.75,0,-57.325618688441814,40946.87049174415,425111.4937502566,6.262660026550293,0.00036481069400906563,25.049577713012695,0.004951701033860445,
23,0.75,1,-48.55414274049597,48554.14274049597,1071333.9986711713,6.262660026550293,0.00036481069400906563,25.049577713012695,0.004951701033860445,
24,1.5,0,-97.58252688282349,60989.07930176468,295160.3482624863,6.262660026550293,0.00036481069400906563,25.049577713012695,0.004951701033860445,
25,0.9,1,-43.2638987555871,43263.8987555871,614190.8119288154,6.262660026550293,0.00036481069400906563,25.049577713012695,0.004951701033860445,48598.552509698784
26,0.5,0,-34.86707159343614,43583.839491795174,435088.0334482659,6.262660026550293,0.00036481069400906563,25.049577713012695,0.004951701033860445,
27,0.75,0,-52.5902051098826,37564.432221344716,486225.9878953567,6.262660026550293,0.00036481069400906563,25.049577713012695,0.004951701033860445,
28,1.1,1,-55.924675825794914,39946.197018424944,771714.2469137203,6.262660026550293,0.00036481069400906563,25.049577713012695,0.004951701033860445,
29,1.5,0,-28.224881181886307,35281.101477357886,206285.19964438112,6.262660026550293,0.00036481069400906563,25.049577713012695,0.004951701033860445,
30,1.5,0,-56.10628161391297,46755.234678260815,243528.8699583511,5.450154781341553,0.004398125223815441,21.783889770507812,0.010798836126923561,
31,0.9,0,-56.11514776288976,40082.24840206411,440244.168921379,5.450154781341553,0.004398125223815441,21.783889770507812,0.010798836126923561,
32,0.9,0,-43.88511502523911,43885.11502523911,311053.5831242977,5.450154781341553,0.004398125223815441,21.783889770507812,0.010798836126923561,
33,0.9,0,-70.29576291099445,43934.851819371535,450749.8816969,5.450154781341553,0.004398125223815441,21.783889770507812,0.010798836126923561,
34,0.75,1,-38.98179528680445,38981.795286804445,944410.5950387828,5.450154781341553,0.004398125223815441,21.783889770507812,0.010798836126923561,
35,1.5,1,-41.163529447129655,51454.41180891207,182720.04811744328,5.450154781341553,0.004398125223815441,21.783889770507812,0.010798836126923561,
36,0.9,0,-52.10902773968859,43424.18978307382,397196.5904224422,5.450154781341553,0.004398125223815441,21.783889770507812,0.010798836126923561,
37,0.5,1,-59.3800414835565,37112.525927222814,1080410.1126193511,5.450154781341553,0.004398125223815441,21.783889770507812,0.010798836126923561,
38,0.5,0,-38.504532535754954,48130.6656696937,278391.21237971453,5.450154781341553,0.004398125223815441,21.783889770507812,0.010798836126923561,
39,0.75,0,-72.47172292460286,45294.82682787679,623351.2682454614,5.450154781341553,0.004398125223815441,21.783889770507812,0.010798836126923561,
40,0.9,0,-68.39938919540805,42749.61824713003,485536.5196158714,4.047270774841309,0.0006081036990508437,16.186954498291016,0.0037894954439252615,
41,0.75,0,-38.6889935289519,38688.9935289519,398802.23291311075,4.047270774841309,0.0006081036990508437,16.186954498291016,0.0037894954439252615,
42,1.1,0,-55.58735024830548,46322.7918735879,380685.9835353209,4.047270774841309,0.0006081036990508437,16.186954498291016,0.0037894954439252615,
43,1.5,0,-53.369587212137155,53369.58721213715,217089.2589982751,4.047270774841309,0.0006081036990508437,16.186954498291016,0.0037894954439252615,
44,0.5,1,-71.13756988123752,44460.98117577345,1248097.377269164,4.047270774841309,0.0006081036990508437,16.186954498291016,0.0037894954439252615,
45,1.5,1,-35.60322221707176,44504.02777133971,286353.74536886055,4.047270774841309,0.0006081036990508437,16.186954498291016,0.0037894954439252615,
46,0.75,1,-34.95827423509205,43697.84279386506,607683.0948781853,4.047270774841309,0.0006081036990508437,16.186954498291016,0.0037894954439252615,
47,0.5,0,-47.394343806140576,39495.286505117154,572307.2190095454,4.047270774841309,0.0006081036990508437,16.186954498291016,0.0037894954439252615,
48,0.75,0,-61.37015219850139,38356.345124063366,541828.4711862009,4.047270774841309,0.0006081036990508437,16.186954498291016,0.0037894954439252615,
49,0.75,0,-80.79616030675017,57711.54307625012,508702.0477542973,4.047270774841309,0.0006081036990508437,16.186954498291016,0.0037894954439252615,
50,0.5,1,-53.15333835924892,37966.67025660637,1135959.3574467245,4.102692127227783,0.0008222912438213825,16.408123016357422,0.008044658228754997,48995.19841992325
51,1.1,0,-40.8244938123624,51030.617265452995,258179.9539379901,4.102692127227783,0.0008222912438213825,16.408123016357422,0.008044658228754997,
52,0.5,0,-54.80086518846278,45667.38765705232,548981.2939879743,4.102692127227783,0.0008222912438213825,16.408123016357422,0.008044658228754997,
53,0.75,1,-62.680524821216096,39175.328013260056,1616485.2713203023,4.102692127227783,0.0008222912438213825,16.408123016357422,0.008044658228754997,
54,0.75,0,-52.00467262135304,43337.22718446086,485855.34413893963,4.102692127227783,0.0008222912438213825,16.408123016357422,0.008044658228754997,
55,0.75,0,-38.48528477231473,48106.605965393406,243770.96543591568,4.102692127227783,0.0008222912438213825,16.408123016357422,0.008044658228754997,
56,1.5,1,-81.92182375590167,51201.13984743855,406762.9288172257,4.102692127227783,0.0008222912438213825,16.408123016357422,0.008044658228754997,
57,0.5,0,-43.67164833219721,43671.64833219721,517147.66713627835,4.102692127227783,0.0008222912438213825,16.408123016357422,0.008044658228754997,
58,1.1,0,-65.8972106293206,65897.2106293206,275217.60150075983,4.102692127227783,0.0008222912438213825,16.408123016357422,0.008044658228754997,
59,0.5,1,-38.27971837775285,47849.64797219106,951202.901294904,4.102692127227783,0.0008222912438213825,16.408123016357422,0.008044658228754997,
60,0.9,0,-58.56206027828621,41830.04305591872,402495.4793529436,4.261666297912598,0.001303372671827674,17.045867919921875,0.05519930645823479,
61,1.1,0,-80.77575796318321,50484.848726989505,444135.9602771563,4.261666297912598,0.001303372671827674,17.045867919921875,0.05519930645823479,
62,0.75,1,-44.521904720241665,44521.90472024166,425901.3436820135,4.261666297912598,0.001303372671827674,17.045867919921875,0.05519930645823479,
63,1.5,0,-39.795578007458566,49744.47250932321,178704.9463140366,4.261666297912598,0.001303372671827674,17.045867919921875,0.05519930645823479,
64,0.5,1,-64.63418699607656,46167.27642576897,1305185.1504004407,4.261666297912598,0.001303372671827674,17.045867919921875,0.05519930645823479,
65,0.5,0,-32.94731827012809,41184.147837660115,470018.69234746014,4.261666297912598,0.001303372671827674,17.045867919921875,0.05519930645823479,
66,0.5,0,-42.69816017692657,42698.16017692657,587116.0332719351,4.261666297912598,0.001303372671827674,17.045867919921875,0.05519930645823479,
67,0.5,0,-77.42023513680861,48387.64696050538,570551.9823494214,4.261666297912598,0.001303372671827674,17.045867919921875,0.05519930645823479,
68,1.5,0,-64.4027078486088,40251.6924053805,271752.3213800844,4.261666297912598,0.001303372671827674,17.045867919921875,0.05519930645823479,
69,1.1,0,-83.37238382932921,52107.739893330756,423819.8226223284,4.261666297912598,0.001303372671827674,17.045867919921875,0.05519930645823479,
70,0.9,1,-61.289166118485284,51074.305098737736,574393.1747159648,3.319066286087036,0.0033853664062917233,13.2764253616333,0.17126600444316864,
71,0.9,1,-54.84354027662214,45702.95023051846,476340.9283047276,3.319066286087036,0.0033853664062917233,13.2764253616333,0.17126600444316864,
72,0.9,0,-31.558948676762896,39448.685845953616,240675.99750345963,3.319066286087036,0.0033853664062917233,13.2764253616333,0.17126600444316864,
73,1.1,0,-85.19810729329728,53248.8170583108,395492.7734850545,3.319066286087036,0.0033853664062917233,13.2764253616333,0.17126600444316864,
74,0.5,0,-67.48009058621537,42175.05661638461,691574.6538413753,3.319066286087036,0.0033853664062917233,13.2764253616333,0.17126600444316864,
75,0.75,0,-41.93852681535462,52423.158519193275,256002.16624417107,3.319066286087036,0.0033853664062917233,13.2764253616333,0.17126600444316864,49391.65985832655
76,0.9,1,-67.96992219718095,48549.94442655782,973037.9160841566,3.319066286087036,0.0033853664062917233,13.2764253616333,0.17126600444316864,
77,1.5,0,-68.99377627018437,43121.11016886523,302110.91129245586,3.319066286087036,0.0033853664062917233,13.2764253616333,0.17126600444316864,
78,1.5,1,-40.6472099336491,50809.012417061385,284372.32534479146,3.319066286087036,0.0033853664062917233,13.2764253616333,0.17126600444316864,
79,0.9,1,-32.592600000000004,40740.75,731395.6378886409,3.319066286087036,0.0033853664062917233,13.2764253616333,0.17126600444316864,
80,0.9,1,-42.17678249403708,42176.78249403708,885015.3761456781,2.770308494567871,0.0003529406094457954,11.095404624938965,0.1947701871395111,
81,0.75,0,-44.4894236148029,37074.51967900242,445200.84124324936,2.770308494567871,0.0003529406094457954,11.095404624938965,0.1947701871395111,
82,0.9,0,-28.6054686299667,35756.83578745838,251446.26123727267,2.770308494567871,0.0003529406094457954,11.095404624938965,0.1947701871395111,
83,1.1,0,-36.83278093009517,46040.97616261896,188305.5585588726,2.770308494567871,0.0003529406094457954,11.095404624938965,0.1947701871395111,
84,0.9,0,-64.20013760521586,53500.11467101321,397176.3813448776,2.770308494567871,0.0003529406094457954,11.095404624938965,0.1947701871395111,
85,1.1,0,-73.57257303620385,52551.83788300274,356670.6875801322,2.770308494567871,0.0003529406094457954,11.095404624938965,0.1947701871395111,
86,0.5,1,-48.08893014738116,48088.930147381165,645005.1994850042,2.770308494567871,0.0003529406094457954,11.095404624938965,0.1947701871395111,
87,0.9,0,-46.31683543844196,43427.96309722976,427373.8809669607,2.770308494567871,0.0003529406094457954,11.095404624938965,0.1947701871395111,
88,0.75,1,-57.420819905045356,47850.683254204465,1152076.6647384497,2.770308494567871,0.0003529406094457954,11.095404624938965,0.1947701871395111,
89,0.9,1,-33.66802,33668.02,876337.0053596409,2.770308494567871,0.0003529406094457954,11.095404624938965,0.1947701871395111,
90,0.9,0,-63.34606985915907,45247.1927565422,394587.75450284267,2.389188051223755,0.00039329129504039884,9.572436332702637,0.2157263159751892,
91,0.75,0,-50.942708782617046,50942.70878261705,337137.8641991253,2.389188051223755,0.00039329129504039884,9.572436332702637,0.2157263159751892,
92,0.5,1,-56.01202775227342,46676.689793561185,835681.7384777053,2.389188051223755,0.00039329129504039884,9.572436332702637,0.2157263159751892,
93,0.75,1,-27.14184790054366,33927.30987567957,231285.74074705306,2.389188051223755,0.00039329129504039884,9.572436332702637,0.2157263159751892,
94,0.5,0,-38.27133775879942,38271.33775879942,536790.5850096592,2.389188051223755,0.00039329129504039884,9.572436332702637,0.2157263159751892,
95,1.1,1,-45.78570872676501,45785.70872676501,605598.8505150833,2.389188051223755,0.00039329129504039884,9.572436332702637,0.2157263159751892,
96,0.5,0,-54.64315842144668,39030.82744389048,669989.6325593028,2.389188051223755,0.00039329129504039884,9.572436332702637,0.2157263159751892,
97,0.9,0,-52.30223672378229,43585.19726981858,376965.38889699185,2.389188051223755,0.00039329129504039884,9.572436332702637,0.2157263159751892,
98,1.5,1,-79.61295175107718,49758.094844423234,420035.77741042635,2.389188051223755,0.00039329129504039884,9.572436332702637,0.2157263159751892,
99,0.5,1,-47.76162775900533,39801.35646583777,1901430.285141339,2.389188051223755,0.00039329129504039884,9.572436332702637,0.2157263159751892,
100,1.5,0,-75.92034646996252,63266.955391635434,252760.95294788378,2.787153482437134,-0.001460871659219265,11.170747756958008,0.20363833010196686,48659.44286209135
101,0.5,0,-52.48673343269426,43738.944527245214,487479.65324964665,2.787153482437134,-0.001460871659219265,11.170747756958008,0.20363833010196686,
102,1.1,0,-80.15154719977417,50094.71699985885,426351.1274889613,2.787153482437134,-0.001460871659219265,11.170747756958008,0.20363833010196686,
103,1.1,0,-62.87496075616498,62874.96075616498,260541.6545220156,2.787153482437134,-0.001460871659219265,11.170747756958008,0.20363833010196686,
104,0.5,0,-42.8154481309585,53519.31016369812,490101.49285169924,2.787153482437134,-0.001460871659219265,11.170747756958008,0.20363833010196686,
105,0.9,0,-58.65016834658789,48875.14028882324,368794.1750502563,2.787153482437134,-0.001460871659219265,11.170747756958008,0.20363833010196686,
106,0.5,0,-38.73997819916877,32283.315165973974,526801.0511523474,2.787153482437134,-0.001460871659219265,11.170747756958008,0.20363833010196686,
107,1.1,1,-47.996447828779026,39997.03985731585,510344.4112193644,2.787153482437134,-0.001460871659219265,11.170747756958008,0.20363833010196686,
108,0.75,0,-64.84569699716509,46318.35499797507,406469.92906459904,2.787153482437134,-0.001460871659219265,11.170747756958008,0.20363833010196686,
109,1.5,0,-84.54748456529057,60391.060403778974,253829.5574070731,2.787153482437134,-0.001460871659219265,11.170747756958008,0.20363833010196686,
110,0.9,1,-60.24490656380981,43032.07611700701,615693.6385810594,2.905871868133545,-0.000689633481670171,11.648051261901855,0.27256038784980774,
111,1.1,0,-42.14868414881757,42148.68414881758,326018.40827974293,2.905871868133545,-0.000689633481670171,11.648051261901855,0.27256038784980774,
112,0.75,0,-57.624638143311465,48020.53178609289,348714.8688435478,2.905871868133545,-0.000689633481670171,11.648051261901855,0.27256038784980774,
113,0.5,0,-35.94038463615585,35940.38463615585,417482.7027365725,2.905871868133545,-0.000689633481670171,11.648051261901855,0.27256038784980774,
114,0.75,0,-41.16778728300599,41167.78728300599,294535.8769584702,2.905871868133545,-0.000689633481670171,11.648051261901855,0.27256038784980774,
115,0.5,1,-57.4172492979211,41012.320927086505,2338578.332967217,2.905871868133545,-0.000689633481670171,11.648051261901855,0.27256038784980774,
116,1.1,0,-73.6627550562679,46039.22191016744,313984.8461424658,2.905871868133545,-0.000689633481670171,11.648051261901855,0.27256038784980774,
117,1.1,0,-31.517454051263854,31517.454051263852,275260.67427661456,2.905871868133545,-0.000689633481670171,11.648051261901855,0.27256038784980774,
118,0.5,0,-29.147931991046416,36434.91498880803,443586.6077573999,2.905871868133545,-0.000689633481670171,11.648051261901855,0.27256038784980774,
119,0.75,1,-74.53086019563818,46581.78762227386,1465366.263345229,2.905871868133545,-0.000689633481670171,11.648051261901855,0.27256038784980774,
120,0.5,0,-40.08536069128162,50106.70086410202,400292.6037638152,2.4850664138793945,-0.0015136864967644215,9.965330123901367,0.23761919140815735,
121,0.75,0,-80.4443596164047,50277.72476025294,478472.88955970877,2.4850664138793945,-0.0015136864967644215,9.965330123901367,0.23761919140815735,
122,1.1,0,-73.25168393909574,45782.302461934836,332417.6686323249,2.4850664138793945,-0.0015136864967644215,9.965330123901367,0.23761919140815735,
123,1.5,0,-71.2479953155996,71247.9953155996,235715.4055842387,2.4850664138793945,-0.0015136864967644215,9.965330123901367,0.23761919140815735,
124,1.1,1,-50.02170177617865,50021.70177617865,665362.8823551289,2.4850664138793945,-0.0015136864967644215,9.965330123901367,0.23761919140815735,
125,1.5,0,-51.61847576740773,51618.475767407734,246403.87168102435,2.4850664138793945,-0.0015136864967644215,9.965330123901367,0.23761919140815735,48564.87826854409
126,1.1,1,-50.008595918461104,41673.82993205092,402442.58763710555,2.4850664138793945,-0.0015136864967644215,9.965330123901367,0.23761919140815735,
127,0.9,1,-71.39720738534203,44623.25461583877,1053033.6591126916,2.4850664138793945,-0.0015136864967644215,9.965330123901367,0.23761919140815735,
128,0.75,1,-55.11307409181808,39366.48149415577,1444566.6298285194,2.4850664138793945,-0.0015136864967644215,9.965330123901367,0.23761919140815735,
129,0.75,1,-64.59968005897554,46142.628613553956,1131465.1508128627,2.4850664138793945,-0.0015136864967644215,9.965330123901367,0.23761919140815735,
130,1.5,0,-37.151545601232414,46439.43200154052,198545.39454890374,3.3416972160339355,0.00091302435612306,13.38597583770752,0.2854972183704376,
131,1.1,1,-70.64251439896283,44151.57149935177,1125490.353840854,3.3416972160339355,0.00091302435612306,13.38597583770752,0.2854972183704376,
132,1.5,1,-37.286569585619326,46608.21198202416,308529.39807419945,3.3416972160339355,0.00091302435612306,13.38597583770752,0.2854972183704376,
133,0.9,0,-60.978667088819265,43556.19077772805,406501.97674978845,3.3416972160339355,0.00091302435612306,13.38597583770752,0.2854972183704376,
134,1.1,1,-63.691252345423145,45493.75167530225,1007169.3784168914,3.3416972160339355,0.00091302435612306,13.38597583770752,0.2854972183704376,
135,0.5,1,-48.56438382359287,34688.84558828062,2142036.9838082,3.3416972160339355,0.00091302435612306,13.38597583770752,0.2854972183704376,
136,1.1,0,-66.27982839282109,41424.892745513185,448302.3379774719,3.3416972160339355,0.00091302435612306,13.38597583770752,0.2854972183704376,
137,1.1,0,-23.141701450344453,28927.12681293056,236482.57480613719,3.3416972160339355,0.00091302435612306,13.38597583770752,0.2854972183704376,
138,1.1,1,-64.19506437000265,45853.61740714475,891133.2747977976,3.3416972160339355,0.00091302435612306,13.38597583770752,0.2854972183704376,
139,0.5,1,-45.40911466213798,37840.92888511498,1106425.7839592018,3.3416972160339355,0.00091302435612306,13.38597583770752,0.2854972183704376,
140,1.1,1,-72.4632136455327,51759.43831823764,540327.3830625201,3.143669605255127,0.0008490712498314679,12.588882446289062,0.22000662982463837,
141,1.1,1,-34.801953302480364,43502.44162810045,439695.81860005256,3.143669605255127,0.0008490712498314679,12.588882446289062,0.22000662982463837,
142,0.5,0,-30.830785330022476,38538.481662528095,343841.2404053122,3.143669605255127,0.0008490712498314679,12.588882446289062,0.22000662982463837,
143,0.75,0,-37.56401265586541,46955.015819831766,249150.9102709898,3.143669605255127,0.0008490712498314679,12.588882446289062,0.22000662982463837,
144,0.75,1,-28.5765500594433,35720.68757430413,499036.8368396403,3.143669605255127,0.0008490712498314679,12.588882446289062,0.22000662982463837,
145,0.75,1,-39.512129288532854,49390.161610666066,1074509.1986176255,3.143669605255127,0.0008490712498314679,12.588882446289062,0.22000662982463837,
146,1.1,0,-64.6201920661745,53850.16005514541,365216.87027111975,3.143669605255127,0.0008490712498314679,12.588882446289062,0.22000662982463837,
147,1.5,0,-36.3857266815358,45482.15835191975,241087.71800408504,3.143669605255127,0.0008490712498314679,12.588882446289062,0.22000662982463837,
148,0.9,1,-37.7819057094973,47227.38213687162,514392.0653733741,3.143669605255127,0.0008490712498314679,12.588882446289062,0.22000662982463837,
149,1.5,0,-72.52925953289086,51806.6139520649,272525.1879297617,3.143669605255127,0.0008490712498314679,12.588882446289062,0.22000662982463837,
150,0.75,1,-42.64739188525976,42647.391885259756,697457.2310255099,3.8130593299865723,0.0027286482509225607,15.255413055419922,0.1761326938867569,48980.759950058506
151,0.9,0,-79.23053070131957,49519.08168832473,511060.4156012615,3.8130593299865723,0.0027286482509225607,15.255413055419922,0.1761326938867569,
152,1.5,0,-59.8435980690029,49869.66505750242,240952.9179377605,3.8130593299865723,0.0027286482509225607,15.255413055419922,0.1761326938867569,
153,0.9,1,-55.73576824001263,46446.47353334386,818681.7503733537,3.8130593299865723,0.0027286482509225607,15.255413055419922,0.1761326938867569,
154,1.1,0,-36.52830791681806,45660.38489602257,229501.53219526858,3.8130593299865723,0.0027286482509225607,15.255413055419922,0.1761326938867569,
155,0.9,0,-73.46277004166083,52473.40717261488,362773.3509908705,3.8130593299865723,0.0027286482509225607,15.255413055419922,0.1761326938867569,
156,1.1,1,-65.11900727181708,40699.379544885676,796509.7982230665,3.8130593299865723,0.0027286482509225607,15.255413055419922,0.1761326938867569,
157,1.5,0,-81.68748704936525,51054.67940585328,277221.67067375773,3.8130593299865723,0.0027286482509225607,15.255413055419922,0.1761326938867569,
158,1.1,0,-88.45764785792308,55286.02991120193,395103.1051084679,3.8130593299865723,0.0027286482509225607,15.255413055419922,0.1761326938867569,
159,0.9,0,-27.382798681338336,34228.49835167292,259334.87647011163,3.8130593299865723,0.0027286482509225607,15.255413055419922,0.1761326938867569,
160,1.1,1,-61.201087012297094,43715.06215164078,1092129.2776825516,3.2336995601654053,0.00505131296813488,12.923835754394531,0.11553773283958435,
161,0.9,1,-49.86055291790842,41550.460764923686,931103.9538259881,3.2336995601654053,0.00505131296813488,12.923835754394531,0.11553773283958435,
162,1.1,1,-50.82474599853111,42353.954998775924,957573.3578562309,3.2336995601654053,0.00505131296813488,12.923835754394531,0.11553773283958435,
163,0.9,0,-73.10095156043548,60917.459633696235,352931.15007489786,3.2336995601654053,0.00505131296813488,12.923835754394531,0.11553773283958435,
164,1.5,0,-30.288362945194308,37860.45368149288,214787.47531131585,3.2336995601654053,0.00505131296813488,12.923835754394531,0.11553773283958435,
165,1.1,0,-49.49724521656185,49497.24521656185,254867.6364671082,3.2336995601654053,0.00505131296813488,12.923835754394531,0.11553773283958435,
166,1.1,0,-34.115183698008366,42643.97962251046,212040.03106163308,3.2336995601654053,0.00505131296813488,12.923835754394531,0.11553773283958435,
167,0.9,1,-40.662440000000004,40662.44,792812.7555786481,3.2336995601654053,0.00505131296813488,12.923835754394531,0.11553773283958435,
168,1.5,1,-64.98523682213387,40615.77301383367,936611.0593414389,3.2336995601654053,0.00505131296813488,12.923835754394531,0.11553773283958435,
169,1.1,0,-75.86377492763313,47414.85932977071,380123.0746985096,3.2336995601654053,0.00505131296813488,12.923835754394531,0.11553773283958435,
170,0.9,0,-49.50126024895322,41251.05020746102,400178.9475722338,3.967571973800659,0.004038718529045582,15.86236572265625,0.10291501134634018,
171,0.9,1,-60.53725489234079,60537.25489234079,371734.79892732267,3.967571973800659,0.004038718529045582,15.86236572265625,0.10291501134634018,
172,0.5,0,-50.32742771426388,50327.427714263875,398137.3621234376,3.967571973800659,0.004038718529045582,15.86236572265625,0.10291501134634018,
173,0.75,0,-54.25259722932872,45210.497691107266,403474.564555908,3.967571973800659,0.004038718529045582,15.86236572265625,0.10291501134634018,
174,0.5,0,-45.27677454123706,37730.64545103088,570572.1761693566,3.967571973800659,0.004038718529045582,15.86236572265625,0.10291501134634018,
175,0.9,1,-41.6731433731257,52091.42921640712,593812.0515596766,3.967571973800659,0.004038718529045582,15.86236572265625,0.10291501134634018,48146.60131149385
176,0.9,1,-27.448243665960703,34310.30458245088,627674.4245493563,3.967571973800659,0.004038718529045582,15.86236572265625,0.10291501134634018,
177,0.75,0,-70.45402841568577,50324.30601120412,500036.2805584784,3.967571973800659,0.004038718529045582,15.86236572265625,0.10291501134634018,
178,0.5,0,-51.24809334771176,36605.78096265125,621586.8755909789,3.967571973800659,0.004038718529045582,15.86236572265625,0.10291501134634018,
179,1.1,1,-31.391126299212374,39238.907874015465,590206.4737890018,3.967571973800659,0.004038718529045582,15.86236572265625,0.10291501134634018,
180,1.1,1,-34.596128705683135,43245.16088210391,413052.4685167023,4.183871746063232,-0.00024089861835818738,16.744361877441406,0.09890678524971008,
181,1.1,1,-30.159260000000003,37699.075000000004,701045.2743313327,4.183871746063232,-0.00024089861835818738,16.744361877441406,0.09890678524971008,
182,0.75,0,-69.46502608673737,57887.52173894781,344370.47115341405,4.183871746063232,-0.00024089861835818738,16.744361877441406,0.09890678524971008,
183,0.75,1,-52.58153166355948,37558.23690254249,786828.0731388503,4.183871746063232,-0.00024089861835818738,16.744361877441406,0.09890678524971008,
184,1.5,1,-55.07471263629143,39339.08045449388,809013.0109265894,4.183871746063232,-0.00024089861835818738,16.744361877441406,0.09890678524971008,
185,1.5,0,-69.64888157357667,58040.73464464723,240344.38418165842,4.183871746063232,-0.00024089861835818738,16.744361877441406,0.09890678524971008,
186,1.5,0,-41.69699803528075,52121.24754410093,183374.46863801792,4.183871746063232,-0.00024089861835818738,16.744361877441406,0.09890678524971008,
187,0.75,1,-34.775296416626894,43469.120520783625,1017270.2393675244,4.183871746063232,-0.00024089861835818738,16.744361877441406,0.09890678524971008,
188,0.75,1,-30.861049257136333,38576.31157142042,502756.7819276908,4.183871746063232,-0.00024089861835818738,16.744361877441406,0.09890678524971008,
189,0.5,0,-65.11875209330428,40699.22005831518,635366.1407164517,4.183871746063232,-0.00024089861835818738,16.744361877441406,0.09890678524971008,
190,0.9,1,-45.613775707409005,38011.47975617417,846086.579415497,3.7425503730773926,0.003251969115808606,14.962356567382812,0.06454052031040192,
191,1.1,1,-41.92686,41926.86,866528.6925363526,3.7425503730773926,0.003251969115808606,14.962356567382812,0.06454052031040192,
192,1.5,0,-51.873075827090275,51873.07582709027,234491.93639246916,3.7425503730773926,0.003251969115808606,14.962356567382812,0.06454052031040192,
193,0.5,0,-34.09792812363474,34097.928123634745,422478.1861237533,3.7425503730773926,0.003251969115808606,14.962356567382812,0.06454052031040192,
194,0.75,1,-38.31961064549179,38319.61064549179,1428592.4405937612,3.7425503730773926,0.003251969115808606,14.962356567382812,0.06454052031040192,
195,1.5,0,-90.64389479407578,56652.43424629736,339757.37957671145,3.7425503730773926,0.003251969115808606,14.962356567382812,0.06454052031040192,
196,1.1,1,-56.025740117952765,46688.11676496064,649092.6335898946,3.7425503730773926,0.003251969115808606,14.962356567382812,0.06454052031040192,
197,0.9,0,-59.07147668117665,42193.91191512618,370672.2477976827,3.7425503730773926,0.003251969115808606,14.962356567382812,0.06454052031040192,
198,0.5,0,-66.41545055652031,47439.607540371646,734832.4759872198,3.7425503730773926,0.003251969115808606,14.962356567382812,0.06454052031040192,
199,1.5,1,-34.08408102267864,42605.101278348295,302514.34010311804,3.7425503730773926,0.003251969115808606,14.962356567382812,0.06454052031040192,
200,1.5,0,-45.230102372223655,56537.627965279564,203445.89149736724,3.963327169418335,0.0009020122815854847,15.855795860290527,0.07618516683578491,48043.99961459115
201,1.5,1,-44.014462819821105,44014.4628198211,262110.7430869265,3.963327169418335,0.0009020122815854847,15.855795860290527,0.07618516683578491,
202,1.5,0,-69.80638649245645,58171.98874371371,256181.82368994324,3.963327169418335,0.0009020122815854847,15.855795860290527,0.07618516683578491,
203,1.5,0,-106.3912258633271,75993.73275951935,291649.9039152259,3.963327169418335,0.0009020122815854847,15.855795860290527,0.07618516683578491,
204,1.1,1,-57.04887199732547,47540.7266644379,272093.5497911599,3.963327169418335,0.0009020122815854847,15.855795860290527,0.07618516683578491,
205,0.5,0,-49.59494145911215,41329.117882593455,499256.6677789428,3.963327169418335,0.0009020122815854847,15.855795860290527,0.07618516683578491,
206,1.1,1,-66.37454196454604,47410.38711753289,1034011.3664135395,3.963327169418335,0.0009020122815854847,15.855795860290527,0.07618516683578491,
207,1.1,1,-48.27056362815022,40225.46969012519,636584.2448728858,3.963327169418335,0.0009020122815854847,15.855795860290527,0.07618516683578491,
208,0.5,0,-61.92908104342002,44235.057888157164,596486.3490533478,3.963327169418335,0.0009020122815854847,15.855795860290527,0.07618516683578491,
209,1.5,0,-31.584835817425105,39481.04477178138,206108.94463725828,3.963327169418335,0.0009020122815854847,15.855795860290527,0.07618516683578491,
210,1.5,1,-65.42503049302654,46732.1646378761,467599.72132283705,4.280954360961914,0.0014123426517471671,17.127103805541992,0.11169949918985367,
211,0.5,1,-66.46872,41542.95,3018021.98315141,4.280954360961914,0.0014123426517471671,17.127103805541992,0.11169949918985367,
212,0.9,0,-55.697020769882236,39783.5862642016,354892.8398778654,4.280954360961914,0.0014123426517471671,17.127103805541992,0.11169949918985367,
213,0.5,0,-59.96046113479505,37475.28820924691,654518.2625815923,4.280954360961914,0.0014123426517471671,17.127103805541992,0.11169949918985367,
214,0.75,1,-33.20802741378894,41510.03426723617,460357.4258862419,4.280954360961914,0.0014123426517471671,17.127103805541992,0.11169949918985367,
215,0.5,1,-37.339418167511376,46674.27270938922,909349.0511573638,4.280954360961914,0.0014123426517471671,17.127103805541992,0.11169949918985367,
216,0.5,0,-54.90290686879237,54902.90686879237,477012.7214558407,4.280954360961914,0.0014123426517471671,17.127103805541992,0.11169949918985367,
217,0.9,0,-43.44597530753052,36204.9794229421,278984.07999943604,4.280954360961914,0.0014123426517471671,17.127103805541992,0.11169949918985367,
218,1.1,0,-52.210429555361095,52210.429555361094,248508.603272136,4.280954360961914,0.0014123426517471671,17.127103805541992,0.11169949918985367,
219,1.5,1,-54.99162194529795,54991.62194529795,292225.23021445225,4.280954360961914,0.0014123426517471671,17.127103805541992,0.11169949918985367,
220,0.5,1,-52.93633365251039,37811.66689465028,1193009.5953261,4.3289713859558105,0.010476344265043736,17.288284301757812,0.17878662049770355,
221,1.5,1,-33.51764119646918,41897.05149558648,370421.80962849164,4.3289713859558105,0.010476344265043736,17.288284301757812,0.17878662049770355,
222,0.9,0,-79.65258810866577,49782.8675679161,468199.2742917006,4.3289713859558105,0.010476344265043736,17.288284301757812,0.17878662049770355,
223,0.75,0,-68.54596408144772,48961.4029153198,365340.4830896401,4.3289713859558105,0.010476344265043736,17.288284301757812,0.17878662049770355,
224,0.9,0,-66.71162016974172,41694.762606088574,419046.89259304735,4.3289713859558105,0.010476344265043736,17.288284301757812,0.17878662049770355,
225,1.1,0,-45.95564066100556,45955.64066100556,338173.67799415556,4.3289713859558105,0.010476344265043736,17.288284301757812,0.17878662049770355,48411.61278350742
226,1.5,1,-59.15772030553458,42255.51450395327,526917.3637466045,4.3289713859558105,0.010476344265043736,17.288284301757812,0.17878662049770355,
227,0.9,0,-65.95718653348352,47112.27609534537,492622.8392147397,4.3289713859558105,0.010476344265043736,17.288284301757812,0.17878662049770355,
228,0.75,0,-33.77763002982523,42222.03753728154,270471.2446585814,4.3289713859558105,0.010476344265043736,17.288284301757812,0.17878662049770355,
229,1.5,0,-78.80071051889584,65667.25876574653,263125.4139865013,4.3289713859558105,0.010476344265043736,17.288284301757812,0.17878662049770355,
230,1.1,1,-64.18216710738697,45844.40507670498,898244.284588305,3.9248569011688232,0.0008171474328264594,15.709425926208496,0.16582746803760529,
231,0.75,0,-36.5026440042556,36502.6440042556,310608.17860375415,3.9248569011688232,0.0008171474328264594,15.709425926208496,0.16582746803760529,
232,1.1,0,-47.88875475736577,39907.29563113814,359938.4756799275,3.9248569011688232,0.0008171474328264594,15.709425926208496,0.16582746803760529,
233,1.5,0,-45.94863534222085,57435.794177776064,181998.82925521542,3.9248569011688232,0.0008171474328264594,15.709425926208496,0.16582746803760529,
234,1.5,1,-59.55517381611152,49629.31151342626,555847.7846313189,3.9248569011688232,0.0008171474328264594,15.709425926208496,0.16582746803760529,
235,1.5,1,-34.254763039336794,42818.453799170995,202691.87623508438,3.9248569011688232,0.0008171474328264594,15.709425926208496,0.16582746803760529,
236,0.9,0,-40.0892743087742,50111.592885967744,271061.02794950583,3.9248569011688232,0.0008171474328264594,15.709425926208496,0.16582746803760529,
237,0.5,0,-35.42576514154159,44282.20642692699,399271.3705593742,3.9248569011688232,0.0008171474328264594,15.709425926208496,0.16582746803760529,
238,0.75,0,-34.353125610365645,42941.40701295706,290641.0648904306,3.9248569011688232,0.0008171474328264594,15.709425926208496,0.16582746803760529,
239,0.9,0,-45.23012101258625,37691.76751048854,368858.9544575014,3.9248569011688232,0.0008171474328264594,15.709425926208496,0.16582746803760529,
240,0.9,0,-35.934524054422226,35934.524054422225,274936.16617061506,4.426122188568115,0.0021586203947663307,17.708646774291992,0.1598970592021942,
241,1.5,0,-48.560848144721234,48560.84814472124,232567.88029175843,4.426122188568115,0.0021586203947663307,17.708646774291992,0.1598970592021942,
242,0.75,1,-73.03905041327035,52170.75029519311,1112696.1996238614,4.426122188568115,0.0021586203947663307,17.708646774291992,0.1598970592021942,
243,1.1,0,-42.490049995966025,42490.04999596602,340699.6448770781,4.426122188568115,0.0021586203947663307,17.708646774291992,0.1598970592021942,
244,1.1,0,-71.68573110762993,51204.09364830709,373195.5907399229,4.426122188568115,0.0021586203947663307,17.708646774291992,0.1598970592021942,
245,0.5,0,-56.304257029880965,40217.32644991497,647692.9524552177,4.426122188568115,0.0021586203947663307,17.708646774291992,0.1598970592021942,
246,1.5,1,-61.74420787628696,44103.00562591925,802727.4710086643,4.426122188568115,0.0021586203947663307,17.708646774291992,0.1598970592021942,
247,1.5,1,-61.35293401582451,43823.5242970175,464573.57412703126,4.426122188568115,0.0021586203947663307,17.708646774291992,0.1598970592021942,
248,1.1,0,-64.38535385633907,64385.35385633906,291658.63562977663,4.426122188568115,0.0021586203947663307,17.708646774291992,0.1598970592021942,
249,1.1,1,-70.34416565756626,50245.832612547325,700758.1629962977,4.426122188568115,0.0021586203947663307,17.708646774291992,0.1598970592021942,
250,1.5,1,-54.37290493025005,45310.75410854171,425337.4126308436,3.9048070907592773,0.0034597378689795732,15.613024711608887,0.09544150531291962,48116.51042730694
251,1.1,1,-63.544424323935935,39715.26520245996,1033539.424622059,3.9048070907592773,0.0034597378689795732,15.613024711608887,0.09544150531291962,
252,1.5,0,-81.7060448537222,68088.37071143517,223224.93701054848,3.9048070907592773,0.0034597378689795732,15.613024711608887,0.09544150531291962,
253,1.5,0,-57.012864711735205,57012.8647117352,224829.85145849758,3.9048070907592773,0.0034597378689795732,15.613024711608887,0.09544150531291962,
254,1.5,1,-47.746544008259306,47746.544008259305,241757.19124352327,3.9048070907592773,0.0034597378689795732,15.613024711608887,0.09544150531291962,
255,0.5,1,-53.103679808222374,37931.19986301598,1402235.2036201612,3.9048070907592773,0.0034597378689795732,15.613024711608887,0.09544150531291962,
256,1.5,1,-38.917495092849265,38917.49509284926,535939.6311658209,3.9048070907592773,0.0034597378689795732,15.613024711608887,0.09544150531291962,
257,0.9,1,-62.58393165919543,44702.80832799674,1255658.5854166935,3.9048070907592773,0.0034597378689795732,15.613024711608887,0.09544150531291962,
258,0.75,1,-76.64714557926803,47904.46598704252,1531049.2574658445,3.9048070907592773,0.0034597378689795732,15.613024711608887,0.09544150531291962,
259,1.5,0,-50.159694395954894,41799.74532996241,241784.68015939658,3.9048070907592773,0.0034597378689795732,15.613024711608887,0.09544150531291962,
260,0.9,0,-64.11771395724767,45798.36711231977,388324.0248814054,4.096344947814941,0.0007998017244972289,16.38913917541504,0.08696675300598145,
261,0.9,0,-65.2574592232096,46612.47087372114,355035.69388034474,4.096344947814941,0.0007998017244972289,16.38913917541504,0.08696675300598145,
262,0.75,0,-47.799363739121674,47799.363739121676,336957.74013375357,4.096344947814941,0.0007998017244972289,16.38913917541504,0.08696675300598145,
263,1.5,1,-64.03680540955702,45740.57529254073,1086699.7423376283,4.096344947814941,0.0007998017244972289,16.38913917541504,0.08696675300598145,
264,0.9,0,-57.524763937095514,41089.117097925366,369127.0254517937,4.096344947814941,0.0007998017244972289,16.38913917541504,0.08696675300598145,
265,0.9,0,-47.54542297489044,39621.1858124087,292161.5818342939,4.096344947814941,0.0007998017244972289,16.38913917541504,0.08696675300598145,
266,0.75,0,-53.907065726258516,33691.91607891158,557890.5454455819,4.096344947814941,0.0007998017244972289,16.38913917541504,0.08696675300598145,
267,1.5,1,-39.7671354350069,49708.91929375862,331310.20534278953,4.096344947814941,0.0007998017244972289,16.38913917541504,0.08696675300598145,
268,0.9,0,-34.07610197208243,42595.12746510303,269440.8354211822,4.096344947814941,0.0007998017244972289,16.38913917541504,0.08696675300598145,
269,0.5,0,-55.42435624021287,46186.96353351073,513288.440788916,4.096344947814941,0.0007998017244972289,16.38913917541504,0.08696675300598145,
270,0.5,1,-68.27026000404702,42668.91250252938,2167280.799541561,3.8003008365631104,0.003151741810142994,15.198925018310547,0.12910866737365723,
271,1.1,0,-77.13293682981252,48208.085518632826,373746.9264328417,3.8003008365631104,0.003151741810142994,15.198925018310547,0.12910866737365723,
272,1.5,0,-39.74933731952627,39749.33731952627,275196.6016067063,3.8003008365631104,0.003151741810142994,15.198925018310547,0.12910866737365723,
273,0.5,0,-60.32351513813725,37702.19696133579,796875.644267613,3.8003008365631104,0.003151741810142994,15.198925018310547,0.12910866737365723,
274,0.9,1,-49.35297493306146,41127.47911088455,781596.5755592431,3.8003008365631104,0.003151741810142994,15.198925018310547,0.12910866737365723,
275,1.1,0,-44.7780569216634,44778.056921663396,261767.89514527307,3.8003008365631104,0.003151741810142994,15.198925018310547,0.12910866737365723,48192.538138449105
276,0.5,0,-37.54733,31289.441666666666,482904.7310395784,3.8003008365631104,0.003151741810142994,15.198925018310547,0.12910866737365723,
277,0.5,1,-37.637,37637.0,1663439.4319070308,3.8003008365631104,0.003151741810142994,15.198925018310547,0.12910866737365723,
278,1.1,1,-33.31784675437909,33317.8467543791,571338.7900543031,3.8003008365631104,0.003151741810142994,15.198925018310547,0.12910866737365723,
279,0.5,0,-43.3375277616042,43337.5277616042,576494.477169751,3.8003008365631104,0.003151741810142994,15.198925018310547,0.12910866737365723,
280,1.5,1,-77.44244476077105,48401.527975481906,559001.4682073449,3.553217649459839,-0.0009704539552330971,14.225849151611328,0.11371071636676788,
281,1.5,1,-41.78151427462812,41781.51427462812,716483.710317707,3.553217649459839,-0.0009704539552330971,14.225849151611328,0.11371071636676788,
282,0.75,0,-76.97260443437953,48107.87777148721,562546.7362410001,3.553217649459839,-0.0009704539552330971,14.225849151611328,0.11371071636676788,
283,0.9,0,-49.974342610485685,49974.342610485684,308370.79529381555,3.553217649459839,-0.0009704539552330971,14.225849151611328,0.11371071636676788,
284,1.5,1,-43.91979391990325,43919.793919903255,431097.0041999207,3.553217649459839,-0.0009704539552330971,14.225849151611328,0.11371071636676788,
285,0.5,1,-52.00437768820189,43336.98140683491,1794858.721184416,3.553217649459839,-0.0009704539552330971,14.225849151611328,0.11371071636676788,
286,1.5,1,-56.05296503327838,56052.96503327838,380669.53161072754,3.553217649459839,-0.0009704539552330971,14.225849151611328,0.11371071636676788,
287,0.5,1,-61.65352,44038.22857142857,2410009.4755319073,3.553217649459839,-0.0009704539552330971,14.225849151611328,0.11371071636676788,
288,0.5,0,-47.002305828317404,39168.588190264505,515825.7150776323,3.553217649459839,-0.0009704539552330971,14.225849151611328,0.11371071636676788,
289,1.1,0,-76.9878972057504,48117.43575359399,419948.10993611923,3.553217649459839,-0.0009704539552330971,14.225849151611328,0.11371071636676788,
290,1.5,1,-32.56620827270349,40707.760340879366,437134.47908778704,4.042418003082275,0.00010986327833961695,16.181732177734375,0.15623173117637634,
291,1.1,0,-54.99151810529979,39279.65578949985,282907.61776731734,4.042418003082275,0.00010986327833961695,16.181732177734375,0.15623173117637634,
292,1.1,0,-59.821685555628115,42729.77539687722,332047.354857533,4.042418003082275,0.00010986327833961695,16.181732177734375,0.15623173117637634,
293,0.5,1,-40.2346,40234.6,1485837.3863517067,4.042418003082275,0.00010986327833961695,16.181732177734375,0.15623173117637634,
294,0.75,1,-62.1584734195875,38849.04588724219,1329158.8340066494,4.042418003082275,0.00010986327833961695,16.181732177734375,0.15623173117637634,
295,1.1,0,-86.46160710039291,54038.50443774556,344705.1590646919,4.042418003082275,0.00010986327833961695,16.181732177734375,0.15623173117637634,
296,1.1,0,-73.72388704322778,52659.919316591266,344248.386394312,4.042418003082275,0.00010986327833961695,16.181732177734375,0.15623173117637634,
297,0.5,0,-64.31001470942107,40193.75919338817,673636.3986005087,4.042418003082275,0.00010986327833961695,16.181732177734375,0.15623173117637634,
298,1.1,0,-49.17033905234001,49170.339052340016,233834.556368155,4.042418003082275,0.00010986327833961695,16.181732177734375,0.15623173117637634,
299,0.9,0,-67.62118726606087,48300.848047186344,421158.90332802135,4.042418003082275,0.00010986327833961695,16.181732177734375,0.15623173117637634,
300,0.5,1,-48.06941405149427,40057.8450429119,1357602.1578494112,3.8081862926483154,0.00019927359244320542,15.240826606750488,0.11098242551088333,47662.10508415965
301,0.9,0,-61.22334066539088,43730.957618136345,427332.3602810205,3.8081862926483154,0.00019927359244320542,15.240826606750488,0.11098242551088333,
302,0.5,0,-33.70164743501768,42127.059293772094,416529.9959314899,3.8081862926483154,0.00019927359244320542,15.240826606750488,0.11098242551088333,
303,0.5,0,-58.353956551558404,48628.29712629867,482312.8730005396,3.8081862926483154,0.00019927359244320542,15.240826606750488,0.11098242551088333,
304,1.5,1,-70.08320813898213,43802.005086863835,550888.498212621,3.8081862926483154,0.00019927359244320542,15.240826606750488,0.11098242551088333,
305,0.5,0,-63.0709386730778,45050.670480769855,543581.5340088392,3.8081862926483154,0.00019927359244320542,15.240826606750488,0.11098242551088333,
306,0.9,0,-45.63609347414056,38030.07789511713,422424.864049674,3.8081862926483154,0.00019927359244320542,15.240826606750488,0.11098242551088333,
307,1.5,0,-53.27198312505687,53271.98312505687,268068.5957578134,3.8081862926483154,0.00019927359244320542,15.240826606750488,0.11098242551088333,
308,0.75,0,-47.59581589986244,39663.17991655203,456363.5958338109,3.8081862926483154,0.00019927359244320542,15.240826606750488,0.11098242551088333,
309,0.5,0,-62.74719132037042,39216.99457523151,570048.1435034378,3.8081862926483154,0.00019927359244320542,15.240826606750488,0.11098242551088333,
310,1.1,0,-84.32936900170975,52705.85562606859,391380.1221157396,4.015211582183838,0.0019022910855710506,16.06425666809082,0.13774238526821136,
311,1.5,0,-57.78649905456773,48155.415878806445,256737.1351157695,4.015211582183838,0.0019022910855710506,16.06425666809082,0.13774238526821136,
312,0.75,1,-50.07255814510301,41727.13178758584,602818.9545270904,4.015211582183838,0.0019022910855710506,16.06425666809082,0.13774238526821136,
313,0.9,1,-41.98507761217275,41985.077612172754,391411.26884289266,4.015211582183838,0.0019022910855710506,16.06425666809082,0.13774238526821136,
314,0.5,1,-35.16939209385135,43961.74011731419,859756.1907598055,4.015211582183838,0.0019022910855710506,16.06425666809082,0.13774238526821136,
315,1.5,1,-56.202083480444735,40144.345343174806,876726.5466437099,4.015211582183838,0.0019022910855710506,16.06425666809082,0.13774238526821136,
316,0.9,1,-48.174569999999996,40145.475,1099718.6417135503,4.015211582183838,0.0019022910855710506,16.06425666809082,0.13774238526821136,
317,1.5,0,-41.26399857842712,51579.998223033894,196909.06819837494,4.015211582183838,0.0019022910855710506,16.06425666809082,0.13774238526821136,
318,0.75,0,-38.044914848980284,47556.14356122535,264641.5182380709,4.015211582183838,0.0019022910855710506,16.06425666809082,0.13774238526821136,
319,0.9,0,-57.44505127852207,41032.17948465862,477700.6304997115,4.015211582183838,0.0019022910855710506,16.06425666809082,0.13774238526821136,
320,1.5,0,-62.5227719611352,52102.309967612666,238696.8800300251,4.440093517303467,0.0010690527269616723,17.764862060546875,0.10954434424638748,
321,1.5,1,-61.43848028398645,43884.62877427603,654722.608188243,4.440093517303467,0.0010690527269616723,17.764862060546875,0.10954434424638748,
322,0.9,0,-80.79893953764964,50499.33721103102,407935.0706589568,4.440093517303467,0.0010690527269616723,17.764862060546875,0.10954434424638748,
323,1.5,0,-40.05261416869967,50065.76771087459,192003.45890984812,4.440093517303467,0.0010690527269616723,17.764862060546875,0.10954434424638748,
324,1.1,0,-39.212376345876905,49015.470432346134,269744.96942907054,4.440093517303467,0.0010690527269616723,17.764862060546875,0.10954434424638748,
325,0.75,1,-43.28872195834547,43288.721958345464,847068.4013917039,4.440093517303467,0.0010690527269616723,17.764862060546875,0.10954434424638748,47630.08799724531
326,0.9,1,-34.915007156232726,43643.758945290916,415454.6284835087,4.440093517303467,0.0010690527269616723,17.764862060546875,0.10954434424638748,
327,1.1,0,-44.51820642437832,44518.20642437832,288388.1308228399,4.440093517303467,0.0010690527269616723,17.764862060546875,0.10954434424638748,
328,1.1,0,-42.82351705925962,42823.517059259626,268622.08307999163,4.440093517303467,0.0010690527269616723,17.764862060546875,0.10954434424638748,
329,0.5,1,-26.070861279005328,32588.576598756663,635192.7161650469,4.440093517303467,0.0010690527269616723,17.764862060546875,0.10954434424638748,
330,0.5,0,-32.76555205135541,40956.94006419426,469517.39941405004,4.3209404945373535,0.00023868837160989642,17.291133880615234,0.10409139096736908,
331,1.5,0,-75.03976168737586,53599.82977669704,273638.4627308177,4.3209404945373535,0.00023868837160989642,17.291133880615234,0.10409139096736908,
332,0.9,1,-33.260425101229885,41575.53137653736,359768.9767472673,4.3209404945373535,0.00023868837160989642,17.291133880615234,0.10409139096736908,
333,0.75,0,-69.01341640421994,43133.38525263746,515784.12514754105,4.3209404945373535,0.00023868837160989642,17.291133880615234,0.10409139096736908,
334,0.9,1,-33.89389964908716,42367.374561358956,249236.79844810854,4.3209404945373535,0.00023868837160989642,17.291133880615234,0.10409139096736908,
335,1.1,0,-64.80520929701217,40503.2558106326,366662.9813891819,4.3209404945373535,0.00023868837160989642,17.291133880615234,0.10409139096736908,
336,1.1,0,-58.60496589978385,48837.47158315321,316383.86754538165,4.3209404945373535,0.00023868837160989642,17.291133880615234,0.10409139096736908,
337,0.9,0,-35.77908003926992,44723.8500490874,216874.5686832905,4.3209404945373535,0.00023868837160989642,17.291133880615234,0.10409139096736908,
338,1.5,0,-66.99697703836381,55830.8141986365,229544.2150547877,4.3209404945373535,0.00023868837160989642,17.291133880615234,0.10409139096736908,
339,0.75,1,-38.67365282000021,38673.65282000021,803281.9458660727,4.3209404945373535,0.00023868837160989642,17.291133880615234,0.10409139096736908,
340,0.75,1,-44.927579772556975,44927.57977255697,1197856.5299523796,4.441601753234863,0.0014521065168082714,17.76941680908203,0.11021235585212708,
341,0.75,0,-67.96403620381075,48545.740145579104,440478.04481685656,4.441601753234863,0.0014521065168082714,17.76941680908203,0.11021235585212708,
342,1.5,0,-67.88951948962892,48492.51392116352,247195.5760774533,4.441601753234863,0.0014521065168082714,17.76941680908203,0.11021235585212708,
343,0.9,1,-42.38087919190585,52976.09898988231,551930.9377879243,4.441601753234863,0.0014521065168082714,17.76941680908203,0.11021235585212708,
344,1.1,0,-56.24052084441279,46867.10070367732,247319.38060176073,4.441601753234863,0.0014521065168082714,17.76941680908203,0.11021235585212708,
345,0.9,0,-50.90257578617321,42418.81315514434,401631.29136140447,4.441601753234863,0.0014521065168082714,17.76941680908203,0.11021235585212708,
346,1.1,1,-49.049181503609475,40874.31791967456,584624.7901468403,4.441601753234863,0.0014521065168082714,17.76941680908203,0.11021235585212708,
347,0.5,0,-31.739889114475492,39674.86139309437,429679.4142767275,4.441601753234863,0.0014521065168082714,17.76941680908203,0.11021235585212708,
348,1.1,0,-34.32715547682094,42908.94434602618,224650.3924064581,4.441601753234863,0.0014521065168082714,17.76941680908203,0.11021235585212708,
349,1.5,0,-56.699705722712324,47249.754768926934,304341.5897915645,4.441601753234863,0.0014521065168082714,17.76941680908203,0.11021235585212708,
350,1.5,1,-43.47707077829006,54346.338472862575,286427.22894255363,4.361773490905762,-0.0008517822716385126,17.459745407104492,0.1155654713511467,47460.103968209034
351,0.5,0,-46.74823111065364,38956.85925887803,538394.8582339718,4.361773490905762,-0.0008517822716385126,17.459745407104492,0.1155654713511467,
352,1.5,0,-40.758806148642925,50948.507685803655,212552.08853525895,4.361773490905762,-0.0008517822716385126,17.459745407104492,0.1155654713511467,
353,1.1,0,-80.17912012786793,50111.95007991746,357998.9306260833,4.361773490905762,-0.0008517822716385126,17.459745407104492,0.1155654713511467,
354,0.9,1,-54.501789143624265,45418.15761968689,1173917.2070234437,4.361773490905762,-0.0008517822716385126,17.459745407104492,0.1155654713511467,
355,1.1,0,-74.23060652619428,46394.129078871425,388125.12647309573,4.361773490905762,-0.0008517822716385126,17.459745407104492,0.1155654713511467,
356,0.9,1,-35.70459339659659,44630.74174574574,631399.7416641733,4.361773490905762,-0.0008517822716385126,17.459745407104492,0.1155654713511467,
357,0.9,1,-66.86732397094366,41792.07748183979,1227813.635461215,4.361773490905762,-0.0008517822716385126,17.459745407104492,0.1155654713511467,
358,0.9,1,-44.58135029105005,44581.35029105005,644816.5609175204,4.361773490905762,-0.0008517822716385126,17.459745407104492,0.1155654713511467,
359,0.9,0,-59.76305738683448,42687.8981334532,400048.88199793646,4.361773490905762,-0.0008517822716385126,17.459745407104492,0.1155654713511467,
360,1.5,0,-47.06267070417086,58828.33838021357,192168.0244073085,3.958839178085327,0.000163869874086231,15.841350555419922,0.08311191201210022,
361,1.5,1,-57.1445876586975,47620.48971558126,424120.93242897384,3.958839178085327,0.000163869874086231,15.841350555419922,0.08311191201210022,
362,1.5,1,-59.70263260179195,42644.73757270853,587719.3066074136,3.958839178085327,0.000163869874086231,15.841350555419922,0.08311191201210022,
363,0.5,1,-37.96796249174298,37967.962491742976,1588640.2850375127,3.958839178085327,0.000163869874086231,15.841350555419922,0.08311191201210022,
364,0.9,0,-63.304241485380075,45217.31534670005,359435.5053043668,3.958839178085327,0.000163869874086231,15.841350555419922,0.08311191201210022,
365,0.75,0,-39.038892437325266,39038.89243732527,429891.18704468233,3.958839178085327,0.000163869874086231,15.841350555419922,0.08311191201210022,
366,0.9,0,-34.75791829672663,43447.39787090829,236427.91645224055,3.958839178085327,0.000163869874086231,15.841350555419922,0.08311191201210022,
367,0.9,0,-69.83288621547608,43645.55388467255,501833.3471771737,3.958839178085327,0.000163869874086231,15.841350555419922,0.08311191201210022,
368,1.5,1,-38.32842,38328.42,570127.9888536995,3.958839178085327,0.000163869874086231,15.841350555419922,0.08311191201210022,
369,1.5,0,-51.40910553064244,51409.105530642446,265196.10800617957,3.958839178085327,0.000163869874086231,15.841350555419922,0.08311191201210022,
370,0.5,0,-41.670929939577846,41670.92993957784,432761.17178999016,3.440237283706665,0.0009386069141328335,13.764331817626953,0.08921204507350922,
371,1.5,1,-63.23909958517095,45170.78541797925,600149.1352932521,3.440237283706665,0.0009386069141328335,13.764331817626953,0.08921204507350922,
372,1.5,1,-56.429162637732695,40306.544741237645,762268.2802262456,3.440237283706665,0.0009386069141328335,13.764331817626953,0.08921204507350922,
373,0.9,0,-89.92646729647188,56204.04206029492,477614.91939239856,3.440237283706665,0.0009386069141328335,13.764331817626953,0.08921204507350922,
374,1.1,0,-73.99226655722119,52851.618969443705,327135.26020156994,3.440237283706665,0.0009386069141328335,13.764331817626953,0.08921204507350922,
375,0.75,0,-67.11601188445869,41947.50742778668,527237.2276364081,3.440237283706665,0.0009386069141328335,13.764331817626953,0.08921204507350922,47828.08267411184
376,0.9,1,-58.769969142790316,41978.54938770737,448085.679740262,3.440237283706665,0.0009386069141328335,13.764331817626953,0.08921204507350922,
377,1.5,0,-78.23622160471373,48897.63850294608,302732.7165540656,3.440237283706665,0.0009386069141328335,13.764331817626953,0.08921204507350922,
378,0.9,1,-44.45312377933688,44453.12377933688,981348.044637745,3.440237283706665,0.0009386069141328335,13.764331817626953,0.08921204507350922,
379,1.1,0,-60.17508270303073,60175.082703030734,254397.3128934552,3.440237283706665,0.0009386069141328335,13.764331817626953,0.08921204507350922,
380,0.5,0,-35.173914713771794,35173.91471377179,610520.5630035185,3.706667900085449,0.0020476900972425938,14.826150894165039,0.0958757996559143,
381,0.9,0,-64.44556899403258,46032.549281451844,397399.228890598,3.706667900085449,0.0020476900972425938,14.826150894165039,0.0958757996559143,
382,1.1,0,-53.33667319150006,53336.673191500064,237351.32196679187,3.706667900085449,0.0020476900972425938,14.826150894165039,0.0958757996559143,
383,0.5,1,-30.65772484208748,38322.156052609345,814704.8889655267,3.706667900085449,0.0020476900972425938,14.826150894165039,0.0958757996559143,
384,0.5,0,-49.3915026616053,41159.585551337754,630967.2251454308,3.706667900085449,0.0020476900972425938,14.826150894165039,0.0958757996559143,
385,0.75,1,-56.38708194882185,40276.48710630132,1336502.2297952762,3.706667900085449,0.0020476900972425938,14.826150894165039,0.0958757996559143,
386,1.1,0,-51.05180325114175,63814.75406392718,180804.48569301478,3.706667900085449,0.0020476900972425938,14.826150894165039,0.0958757996559143,
387,0.5,1,-36.670539999999995,36670.53999999999,1764093.9005604303,3.706667900085449,0.0020476900972425938,14.826150894165039,0.0958757996559143,
388,0.5,0,-43.41093636311221,43410.93636311221,525109.599939924,3.706667900085449,0.0020476900972425938,14.826150894165039,0.0958757996559143,
389,0.5,1,-55.26649,39476.06428571429,2032585.2500093877,3.706667900085449,0.0020476900972425938,14.826150894165039,0.0958757996559143,
390,0.5,1,-50.80486736606536,36289.190975760976,1319545.8159430658,3.6993868350982666,-0.0006402540602721274,14.806493759155273,0.07982159405946732,
391,1.5,0,-59.492688433085654,59492.688433085656,223511.12574056198,3.6993868350982666,-0.0006402540602721274,14.806493759155273,0.07982159405946732,
392,1.1,1,-69.47969198674714,57899.74332228929,417281.47649400984,3.6993868350982666,-0.0006402540602721274,14.806493759155273,0.07982159405946732,
393,1.5,0,-29.418865235032857,36773.58154379107,167880.06552058423,3.6993868350982666,-0.0006402540602721274,14.806493759155273,0.07982159405946732,
394,0.5,0,-83.19453873982012,51996.58671238758,640145.7334984307,3.6993868350982666,-0.0006402540602721274,14.806493759155273,0.07982159405946732,
395,1.1,0,-39.28370544885219,49104.631811065236,230269.20396416253,3.6993868350982666,-0.0006402540602721274,14.806493759155273,0.07982159405946732,
396,0.9,1,-36.65923033649085,45824.03792061356,587715.3563415403,3.6993868350982666,-0.0006402540602721274,14.806493759155273,0.07982159405946732,
397,0.5,1,-29.59938140985734,36999.226762321676,704751.7964551338,3.6993868350982666,-0.0006402540602721274,14.806493759155273,0.07982159405946732,
398,0.75,1,-67.39502951568024,42121.89344730014,995541.5928349703,3.6993868350982666,-0.0006402540602721274,14.806493759155273,0.07982159405946732,
399,0.75,0,-67.01555234939626,47868.25167814019,464025.6970488237,3.6993868350982666,-0.0006402540602721274,14.806493759155273,0.07982159405946732,
400,0.75,0,-26.633006089553145,33291.25761194144,316881.3759463074,4.695133686065674,1.6025542208808474e-05,18.790111541748047,0.12052659690380096,48476.126176922604
401,0.5,1,-39.55006797872977,49437.58497341221,598050.1374012072,4.695133686065674,1.6025542208808474e-05,18.790111541748047,0.12052659690380096,
402,0.5,1,-55.48693287516435,46239.110729303626,1094103.178436872,4.695133686065674,1.6025542208808474e-05,18.790111541748047,0.12052659690380096,
403,1.5,0,-57.60377215330196,72004.71519162745,178294.94365005937,4.695133686065674,1.6025542208808474e-05,18.790111541748047,0.12052659690380096,
404,0.9,1,-37.48698544690507,46858.73180863133,432852.2522526984,4.695133686065674,1.6025542208808474e-05,18.790111541748047,0.12052659690380096,
405,0.9,1,-39.999243631435775,33332.70302619648,792910.5501908283,4.695133686065674,1.6025542208808474e-05,18.790111541748047,0.12052659690380096,
406,1.1,0,-57.92744689624132,41376.74778302952,352154.6878715608,4.695133686065674,1.6025542208808474e-05,18.790111541748047,0.12052659690380096,
407,0.75,0,-58.44949208402736,41749.637202876685,541402.3174591656,4.695133686065674,1.6025542208808474e-05,18.790111541748047,0.12052659690380096,
408,1.5,1,-30.128238773547363,37660.298466934204,356815.7943253883,4.695133686065674,1.6025542208808474e-05,18.790111541748047,0.12052659690380096,
409,0.5,0,-34.21811,34218.11000000001,604506.7137047371,4.695133686065674,1.6025542208808474e-05,18.790111541748047,0.12052659690380096,
410,0.9,1,-52.28545106479732,43571.20922066444,1202616.0490998789,4.110948085784912,0.00026655735564418137,16.450929641723633,0.10253977030515671,
411,0.9,0,-67.98488654869415,48560.63324906726,375721.8242757091,4.110948085784912,0.00026655735564418137,16.450929641723633,0.10253977030515671,
412,1.1,1,-38.602693149159535,48253.36643644942,635921.9516563815,4.110948085784912,0.00026655735564418137,16.450929641723633,0.10253977030515671,
413,1.5,0,-57.82468865526393,48187.24054605327,243094.75160201217,4.110948085784912,0.00026655735564418137,16.450929641723633,0.10253977030515671,
414,0.5,0,-60.809296971739755,43435.212122671255,613607.23102238,4.110948085784912,0.00026655735564418137,16.450929641723633,0.10253977030515671,
415,1.5,0,-49.81431445610157,49814.31445610157,253228.03494871862,4.110948085784912,0.00026655735564418137,16.450929641723633,0.10253977030515671,
416,0.75,0,-67.46318629167988,48187.990208342766,509301.7145276136,4.110948085784912,0.00026655735564418137,16.450929641723633,0.10253977030515671,
417,0.75,1,-58.65845173991746,48882.04311659789,484832.6469880541,4.110948085784912,0.00026655735564418137,16.450929641723633,0.10253977030515671,
418,1.1,0,-42.030727566220655,52538.40945777581,219113.9109611933,4.110948085784912,0.00026655735564418137,16.450929641723633,0.10253977030515671,
419,1.1,0,-50.103468782917375,41752.890652431146,317214.8094047329,4.110948085784912,0.00026655735564418137,16.450929641723633,0.10253977030515671,
420,0.5,0,-63.68453666964379,39802.83541852737,597444.9202874744,3.758458375930786,6.589103577425703e-05,15.042803764343262,0.11541441828012466,
421,1.1,1,-55.129594582151384,45941.32881845949,652933.3062049104,3.758458375930786,6.589103577425703e-05,15.042803764343262,0.11541441828012466,
422,0.5,1,-45.12723240817406,45127.23240817406,1218572.2137762466,3.758458375930786,6.589103577425703e-05,15.042803764343262,0.11541441828012466,
423,1.5,1,-66.75770352213694,41723.564701335585,710328.3851711316,3.758458375930786,6.589103577425703e-05,15.042803764343262,0.11541441828012466,
424,0.9,0,-67.07564521508563,47911.17515363259,430573.03482198506,3.758458375930786,6.589103577425703e-05,15.042803764343262,0.11541441828012466,
425,1.5,1,-67.27880773391915,48056.29123851367,582703.7418490751,3.758458375930786,6.589103577425703e-05,15.042803764343262,0.11541441828012466,47842.4338120404
426,0.5,1,-36.724752253854504,45905.940317318134,965479.5643711975,3.758458375930786,6.589103577425703e-05,15.042803764343262,0.11541441828012466,
427,0.75,0,-60.005150928270226,42860.822091621594,481426.62092211266,3.758458375930786,6.589103577425703e-05,15.042803764343262,0.11541441828012466,
428,0.9,0,-36.84681258259712,46058.5157282464,256096.98791294437,3.758458375930786,6.589103577425703e-05,15.042803764343262,0.11541441828012466,
429,0.9,0,-54.77241983289553,54772.41983289553,297198.7025639976,3.758458375930786,6.589103577425703e-05,15.042803764343262,0.11541441828012466,
430,1.5,1,-37.37732087043867,37377.32087043868,565697.3724818997,3.7905385494232178,0.0049422928132116795,15.1509428024292,0.10696272552013397,
431,0.75,0,-32.2296421944153,40287.05274301912,234362.22463324736,3.7905385494232178,0.0049422928132116795,15.1509428024292,0.10696272552013397,
432,1.5,0,-78.4520706708828,56037.19333634486,288416.1400089787,3.7905385494232178,0.0049422928132116795,15.1509428024292,0.10696272552013397,
433,1.5,0,-46.007068505043705,57508.83563130463,191196.2081035323,3.7905385494232178,0.0049422928132116795,15.1509428024292,0.10696272552013397,
434,1.1,0,-70.89049838721502,50636.07027658216,347161.4481886496,3.7905385494232178,0.0049422928132116795,15.1509428024292,0.10696272552013397,
435,1.1,0,-36.343097197225745,45428.871496532185,226638.58923284456,3.7905385494232178,0.0049422928132116795,15.1509428024292,0.10696272552013397,
436,0.9,0,-63.152414900874504,45108.86778633893,386617.75894283655,3.7905385494232178,0.0049422928132116795,15.1509428024292,0.10696272552013397,
437,1.5,1,-63.88945037623428,39930.90648514642,789589.1347224067,3.7905385494232178,0.0049422928132116795,15.1509428024292,0.10696272552013397,
438,0.75,0,-29.947004697361407,37433.75587170176,297124.7153838282,3.7905385494232178,0.0049422928132116795,15.1509428024292,0.10696272552013397,
439,1.5,1,-41.384397900088246,41384.39790008825,270669.5079141591,3.7905385494232178,0.0049422928132116795,15.1509428024292,0.10696272552013397,
440,0.9,0,-40.18203164789652,40182.03164789652,312017.4689691637,3.925614595413208,0.002757866634055972,15.701421737670898,0.12492627650499344,
441,1.5,0,-50.79875514436991,63498.44393046239,220050.84452539764,3.925614595413208,0.002757866634055972,15.701421737670898,0.12492627650499344,
442,0.75,0,-64.30620913267184,40191.3807079199,589872.8307095774,3.925614595413208,0.002757866634055972,15.701421737670898,0.12492627650499344,
443,0.75,0,-68.54249847062738,42839.06154414211,530368.5002136532,3.925614595413208,0.002757866634055972,15.701421737670898,0.12492627650499344,
444,1.5,0,-56.15800269037596,35098.75168148497,319425.5926429508,3.925614595413208,0.002757866634055972,15.701421737670898,0.12492627650499344,
445,0.75,0,-71.28014571132728,44550.09106957955,490366.469187509,3.925614595413208,0.002757866634055972,15.701421737670898,0.12492627650499344,
446,1.5,1,-27.74391390828884,34679.892385361054,477250.7343133057,3.925614595413208,0.002757866634055972,15.701421737670898,0.12492627650499344,
447,0.5,0,-75.87493459187486,47421.83411992179,628675.8601581956,3.925614595413208,0.002757866634055972,15.701421737670898,0.12492627650499344,
448,0.75,0,-51.48795380841111,36777.1098631508,516993.1439286332,3.925614595413208,0.002757866634055972,15.701421737670898,0.12492627650499344,
449,1.1,0,-59.76525111092667,37353.28194432917,454920.61165730574,3.925614595413208,0.002757866634055972,15.701421737670898,0.12492627650499344,
450,0.9,0,-54.8238076779327,39159.862627094786,425422.08208143146,3.6268677711486816,0.0002931414928752929,14.515350341796875,0.11315222829580307,48272.52108546437
451,1.1,1,-35.07846369257887,43848.07961572359,483084.85240079527,3.6268677711486816,0.0002931414928752929,14.515350341796875,0.11315222829580307,
452,1.1,0,-68.0375290929467,48598.2350663905,317316.7939711556,3.6268677711486816,0.0002931414928752929,14.515350341796875,0.11315222829580307,
453,0.9,0,-61.09028414925525,50908.57012437937,359180.8160468264,3.6268677711486816,0.0002931414928752929,14.515350341796875,0.11315222829580307,
454,0.9,0,-47.1960765752047,47196.0765752047,261593.00010167336,3.6268677711486816,0.0002931414928752929,14.515350341796875,0.11315222829580307,
455,1.5,0,-44.04059008738511,36700.491739487596,297235.79349912424,3.6268677711486816,0.0002931414928752929,14.515350341796875,0.11315222829580307,
456,1.1,1,-65.33845606162832,46670.325758305946,692388.4226932285,3.6268677711486816,0.0002931414928752929,14.515350341796875,0.11315222829580307,
457,0.75,1,-51.36585850598332,42804.88208831943,964863.4754617994,3.6268677711486816,0.0002931414928752929,14.515350341796875,0.11315222829580307,
458,1.5,0,-37.26617765947278,37266.17765947278,232256.84042479363,3.6268677711486816,0.0002931414928752929,14.515350341796875,0.11315222829580307,
459,1.5,0,-43.56320675085367,43563.206750853664,297471.1552461124,3.6268677711486816,0.0002931414928752929,14.515350341796875,0.11315222829580307,
460,1.1,0,-62.780688244667914,44843.34874619137,370185.4925168489,4.013723850250244,-0.0006211152649484575,16.06627655029297,0.11119513213634491,
461,0.9,0,-36.441207132481864,45551.50891560233,259801.89535803892,4.013723850250244,-0.0006211152649484575,16.06627655029297,0.11119513213634491,
462,1.5,0,-40.504589906921304,40504.5899069213,223275.8493015471,4.013723850250244,-0.0006211152649484575,16.06627655029297,0.11119513213634491,
463,1.5,1,-37.27719974924126,46596.49968655157,254743.86187853152,4.013723850250244,-0.0006211152649484575,16.06627655029297,0.11119513213634491,
464,1.1,0,-63.20321051795141,45145.15036996529,335678.0389071228,4.013723850250244,-0.0006211152649484575,16.06627655029297,0.11119513213634491,
465,1.5,1,-32.092089929134254,40115.11241141781,254279.86038176785,4.013723850250244,-0.0006211152649484575,16.06627655029297,0.11119513213634491,
466,0.75,0,-49.59853983613473,41332.11653011227,396124.67257668887,4.013723850250244,-0.0006211152649484575,16.06627655029297,0.11119513213634491,
467,0.9,1,-36.64329420178219,45804.11775222774,672455.0342932073,4.013723850250244,-0.0006211152649484575,16.06627655029297,0.11119513213634491,
468,0.9,0,-35.697634361147564,44622.04295143446,260168.18157737888,4.013723850250244,-0.0006211152649484575,16.06627655029297,0.11119513213634491,
469,1.5,0,-83.46717314158577,52166.98321349111,274973.1652206054,4.013723850250244,-0.0006211152649484575,16.06627655029297,0.11119513213634491,
470,1.5,0,-51.9305911956427,64913.23899455337,204839.1342407684,4.243283748626709,2.540674904594198e-05,16.98293685913086,0.1237800344824791,
471,0.5,1,-52.56245425612475,43802.04521343729,996187.439940937,4.243283748626709,2.540674904594198e-05,16.98293685913086,0.1237800344824791,
472,0.75,1,-71.16485957840726,44478.03723650453,999561.985334827,4.243283748626709,2.540674904594198e-05,16.98293685913086,0.1237800344824791,
473,1.5,1,-38.90976890424688,48637.2111303086,300862.31575813924,4.243283748626709,2.540674904594198e-05,16.98293685913086,0.1237800344824791,
474,0.9,0,-88.05854147157284,55036.58841973302,406817.35169929394,4.243283748626709,2.540674904594198e-05,16.98293685913086,0.1237800344824791,
475,0.75,0,-66.91222860709142,41820.14287943214,499169.73587529897,4.243283748626709,2.540674904594198e-05,16.98293685913086,0.1237800344824791,48202.774227484864
476,0.9,0,-64.87894550868094,54065.78792390078,311709.0590552618,4.243283748626709,2.540674904594198e-05,16.98293685913086,0.1237800344824791,
477,1.1,0,-47.575554986401464,39646.295822001215,294358.36692664254,4.243283748626709,2.540674904594198e-05,16.98293685913086,0.1237800344824791,
478,1.5,0,-103.4671676729327,64666.97979558294,289481.86256970634,4.243283748626709,2.540674904594198e-05,16.98293685913086,0.1237800344824791,
479,1.5,1,-32.74030848912824,40925.3856114103,386845.67096200475,4.243283748626709,2.540674904594198e-05,16.98293685913086,0.1237800344824791,
480,0.9,0,-68.21504871258861,48725.034794706145,350563.04802950023,4.306593418121338,0.0006994113209657371,17.232892990112305,0.11646997928619385,
481,0.5,0,-46.31479118354688,38595.659319622406,687001.2857181056,4.306593418121338,0.0006994113209657371,17.232892990112305,0.11646997928619385,
482,0.5,0,-37.045213954849046,37045.213954849045,420204.61718284746,4.306593418121338,0.0006994113209657371,17.232892990112305,0.11646997928619385,
483,0.75,0,-47.185560821305266,47185.56082130527,354892.1363728795,4.306593418121338,0.0006994113209657371,17.232892990112305,0.11646997928619385,
484,1.5,0,-54.94559004040536,68681.98755050669,209798.78129012746,4.306593418121338,0.0006994113209657371,17.232892990112305,0.11646997928619385,
485,0.5,0,-51.721792657302515,36944.137612358936,575135.5501143034,4.306593418121338,0.0006994113209657371,17.232892990112305,0.11646997928619385,
486,1.1,0,-79.87530960867083,57053.79257762202,358293.96256577916,4.306593418121338,0.0006994113209657371,17.232892990112305,0.11646997928619385,
487,0.5,0,-73.73070533426676,46081.69083391673,741587.8961256992,4.306593418121338,0.0006994113209657371,17.232892990112305,0.11646997928619385,
488,1.5,1,-69.02844025578108,49306.028754129344,646813.6264008975,4.306593418121338,0.0006994113209657371,17.232892990112305,0.11646997928619385,
489,0.9,0,-69.86483351928831,49903.45251377737,412608.63233189407,4.306593418121338,0.0006994113209657371,17.232892990112305,0.11646997928619385,
490,1.5,1,-49.053375629731974,40877.813024776646,584336.3710022406,4.316957950592041,0.0014359435299411416,17.270793914794922,0.10881157964468002,
491,0.75,0,-56.31334394256363,43148.20450566136,414990.284281729,4.316957950592041,0.0014359435299411416,17.270793914794922,0.10881157964468002,
492,0.75,0,-55.32103626094388,46100.86355078656,518993.9624422649,4.316957950592041,0.0014359435299411416,17.270793914794922,0.10881157964468002,
493,0.75,0,-52.639541742641356,37599.67267331525,360590.56883602764,4.316957950592041,0.0014359435299411416,17.270793914794922,0.10881157964468002,
494,1.1,1,-55.21484,46012.36666666667,1165870.6017459966,4.316957950592041,0.0014359435299411416,17.270793914794922,0.10881157964468002,
495,0.5,0,-64.61698410359261,40385.615064745376,666080.1293996383,4.316957950592041,0.0014359435299411416,17.270793914794922,0.10881157964468002,
496,1.1,0,-48.94419491186883,48944.194911868835,234362.42922505745,4.316957950592041,0.0014359435299411416,17.270793914794922,0.10881157964468002,
497,0.5,1,-29.87658,37345.725,945511.0292042032,4.316957950592041,0.0014359435299411416,17.270793914794922,0.10881157964468002,
498,1.1,0,-71.01199964040129,50722.85688600092,352100.71294815233,4.316957950592041,0.0014359435299411416,17.270793914794922,0.10881157964468002,
499,0.75,0,-42.73117920076885,35609.31600064071,454771.3429161925,4.316957950592041,0.0014359435299411416,17.270793914794922,0.10881157964468002,
500,0.75,1,-63.48354911073032,39677.218194206456,1809129.2707625746,3.6598472595214844,0.0002419514348730445,14.645410537719727,0.08737091720104218,47991.40264776743
501,0.75,1,-63.71751180427123,39823.44487766952,876301.5966814766,3.6598472595214844,0.0002419514348730445,14.645410537719727,0.08737091720104218,
502,0.75,1,-68.27744483833986,48769.60345595705,1098230.675477908,3.6598472595214844,0.0002419514348730445,14.645410537719727,0.08737091720104218,
503,1.1,1,-42.238104117813535,42238.10411781354,401922.8077141906,3.6598472595214844,0.0002419514348730445,14.645410537719727,0.08737091720104218,
504,1.5,0,-45.858067032091085,45858.06703209109,257325.02408428467,3.6598472595214844,0.0002419514348730445,14.645410537719727,0.08737091720104218,
505,1.1,0,-44.807029596130164,44807.02959613016,229648.06022587672,3.6598472595214844,0.0002419514348730445,14.645410537719727,0.08737091720104218,
506,0.9,1,-30.023906606580198,37529.88325822524,286045.34862636216,3.6598472595214844,0.0002419514348730445,14.645410537719727,0.08737091720104218,
507,1.5,1,-45.77767073763684,57222.08842204606,433587.6310830241,3.6598472595214844,0.0002419514348730445,14.645410537719727,0.08737091720104218,
508,1.1,0,-37.353008213532505,37353.00821353251,299285.77240725496,3.6598472595214844,0.0002419514348730445,14.645410537719727,0.08737091720104218,
509,1.1,0,-48.27501520159234,48275.01520159233,244164.15934988717,3.6598472595214844,0.0002419514348730445,14.645410537719727,0.08737091720104218,
510,0.5,1,-64.6223542945519,40388.971434094936,2569806.8514256915,4.3515448570251465,0.0006482694298028946,17.410993576049805,0.09260725229978561,
511,0.9,1,-67.58456838516803,42240.355240730016,901179.7447779413,4.3515448570251465,0.0006482694298028946,17.410993576049805,0.09260725229978561,
512,0.75,0,-58.542354925994836,41815.96780428202,402144.41662923724,4.3515448570251465,0.0006482694298028946,17.410993576049805,0.09260725229978561,
513,0.75,0,-51.79226960390527,43160.22466992106,458754.29098833154,4.3515448570251465,0.0006482694298028946,17.410993576049805,0.09260725229978561,
514,1.1,0,-46.379989649664516,46379.989649664516,220661.78550529203,4.3515448570251465,0.0006482694298028946,17.410993576049805,0.09260725229978561,
515,0.9,0,-74.22886292816564,46393.03933010352,431920.56172385486,4.3515448570251465,0.0006482694298028946,17.410993576049805,0.09260725229978561,
516,0.75,0,-63.97823957473015,45698.74255337868,463801.9913947933,4.3515448570251465,0.0006482694298028946,17.410993576049805,0.09260725229978561,
517,1.5,1,-53.93101604297389,38522.15431640992,767475.0771654614,4.3515448570251465,0.0006482694298028946,17.410993576049805,0.09260725229978561,
518,0.75,0,-61.570130378818305,43978.66455629879,410214.84174081904,4.3515448570251465,0.0006482694298028946,17.410993576049805,0.09260725229978561,
519,0.75,1,-58.70752750099485,41933.94821499632,1743707.7488736338,4.3515448570251465,0.0006482694298028946,17.410993576049805,0.09260725229978561,
520,1.1,0,-58.76297888721484,48969.14907267903,350261.7704927312,3.449068307876587,0.0005068639875389636,13.805500984191895,0.14068692922592163,
521,1.5,0,-41.95561759548912,52444.52199436141,192670.30564057885,3.449068307876587,0.0005068639875389636,13.805500984191895,0.14068692922592163,
522,0.9,0,-37.40615116242211,46757.68895302764,280063.808209095,3.449068307876587,0.0005068639875389636,13.805500984191895,0.14068692922592163,
523,1.1,1,-60.83179719226973,43451.2837087641,799999.5776225986,3.449068307876587,0.0005068639875389636,13.805500984191895,0.14068692922592163,
524,0.5,0,-55.7837218566902,46486.43488057517,575417.1099750181,3.449068307876587,0.0005068639875389636,13.805500984191895,0.14068692922592163,
525,1.5,1,-50.4132603634468,50413.26036344681,471140.8708296845,3.449068307876587,0.0005068639875389636,13.805500984191895,0.14068692922592163,48351.37897876935
526,0.75,0,-70.28804289455852,43930.02680909907,488701.2967784384,3.449068307876587,0.0005068639875389636,13.805500984191895,0.14068692922592163,
527,1.1,0,-67.09280225006815,47923.43017862011,409687.1294892047,3.449068307876587,0.0005068639875389636,13.805500984191895,0.14068692922592163,
528,0.75,0,-77.87128930689592,48669.55581680995,503218.87291272345,3.449068307876587,0.0005068639875389636,13.805500984191895,0.14068692922592163,
529,1.5,0,-85.40325759834255,71169.38133195211,311504.24147917645,3.449068307876587,0.0005068639875389636,13.805500984191895,0.14068692922592163,
530,1.5,1,-75.4268177635176,47141.76110219849,579945.8322878021,3.872479200363159,0.002075586002320051,15.49222183227539,0.13259893655776978,
531,1.5,0,-43.519378882562094,43519.37888256209,206898.45562548755,3.872479200363159,0.002075586002320051,15.49222183227539,0.13259893655776978,
532,1.5,0,-74.88357932293367,74883.57932293367,269905.63778988307,3.872479200363159,0.002075586002320051,15.49222183227539,0.13259893655776978,
533,0.5,0,-66.14175565361539,47244.11118115385,561693.5860523975,3.872479200363159,0.002075586002320051,15.49222183227539,0.13259893655776978,
534,1.1,1,-52.281627719149526,37344.01979939252,827133.8329214726,3.872479200363159,0.002075586002320051,15.49222183227539,0.13259893655776978,
535,1.5,1,-55.75260807261754,39823.2914804411,458914.87130588794,3.872479200363159,0.002075586002320051,15.49222183227539,0.13259893655776978,
536,0.5,1,-32.873134309888634,41091.417887360796,1231495.1958486133,3.872479200363159,0.002075586002320051,15.49222183227539,0.13259893655776978,
537,1.5,1,-70.72068768516812,50514.77691797722,618026.5187809616,3.872479200363159,0.002075586002320051,15.49222183227539,0.13259893655776978,
538,0.5,0,-32.45612752543846,40570.15940679808,413240.68349277077,3.872479200363159,0.002075586002320051,15.49222183227539,0.13259893655776978,
539,1.1,1,-55.23797424727634,39455.69589091167,941152.3525862187,3.872479200363159,0.002075586002320051,15.49222183227539,0.13259893655776978,
540,0.75,0,-44.60038127172711,31857.415194090794,421017.6091186118,3.924574613571167,-5.7538700275472365e-06,15.705497741699219,0.08970930427312851,
541,1.1,0,-55.865855361095235,39904.18240078231,413013.72360216465,3.924574613571167,-5.7538700275472365e-06,15.705497741699219,0.08970930427312851,
542,0.5,0,-81.37799752886353,50861.24845553971,707302.8527011104,3.924574613571167,-5.7538700275472365e-06,15.705497741699219,0.08970930427312851,
543,0.9,1,-67.7340628387769,42333.78927423556,1142367.480467101,3.924574613571167,-5.7538700275472365e-06,15.705497741699219,0.08970930427312851,
544,1.5,1,-41.41361888814403,41413.618888144025,673663.4928991036,3.924574613571167,-5.7538700275472365e-06,15.705497741699219,0.08970930427312851,
545,0.5,0,-58.194430379615234,41567.450271153735,637509.7259780024,3.924574613571167,-5.7538700275472365e-06,15.705497741699219,0.08970930427312851,
546,1.5,1,-47.79517869354518,47795.17869354518,534315.3195877336,3.924574613571167,-5.7538700275472365e-06,15.705497741699219,0.08970930427312851,
547,1.1,1,-57.439795027091904,47866.49585590992,768008.0043858626,3.924574613571167,-5.7538700275472365e-06,15.705497741699219,0.08970930427312851,
548,0.5,1,-53.18369476872488,37988.353406232054,1496122.9481603464,3.924574613571167,-5.7538700275472365e-06,15.705497741699219,0.08970930427312851,
549,0.75,1,-33.39603450031579,41745.043125394746,604236.5826764223,3.924574613571167,-5.7538700275472365e-06,15.705497741699219,0.08970930427312851,
550,1.1,0,-36.889491099058894,46111.86387382362,284477.65070627816,4.165652275085449,0.0015664029633626342,16.664215087890625,0.09838923066854477,48396.83646056118
551,0.5,0,-42.05833461577814,42058.33461577814,503823.53909663367,4.165652275085449,0.0015664029633626342,16.664215087890625,0.09838923066854477,
552,0.5,1,-47.19374655900533,39328.122132504446,1611024.5393273942,4.165652275085449,0.0015664029633626342,16.664215087890625,0.09838923066854477,
553,1.5,1,-66.80105084752066,41750.65677970041,556832.4359757691,4.165652275085449,0.0015664029633626342,16.664215087890625,0.09838923066854477,
554,0.75,1,-43.31000547637029,43310.005476370294,779434.3054975747,4.165652275085449,0.0015664029633626342,16.664215087890625,0.09838923066854477,
555,1.1,1,-29.36208115566071,36702.60144457589,539770.1650816944,4.165652275085449,0.0015664029633626342,16.664215087890625,0.09838923066854477,
556,1.1,0,-33.53723560974874,41921.54451218592,236749.79203789285,4.165652275085449,0.0015664029633626342,16.664215087890625,0.09838923066854477,
557,1.1,0,-52.046481567980805,43372.06797331734,334183.80457325577,4.165652275085449,0.0015664029633626342,16.664215087890625,0.09838923066854477,
558,1.1,1,-58.6663827278084,41904.55909129172,1119964.7121433404,4.165652275085449,0.0015664029633626342,16.664215087890625,0.09838923066854477,
559,1.5,0,-42.281020700987185,42281.02070098719,232694.31292514742,4.165652275085449,0.0015664029633626342,16.664215087890625,0.09838923066854477,
560,0.75,0,-23.802312502970178,29752.890628712725,293379.3265693889,3.8054428100585938,-0.0001928858255269006,15.229156494140625,0.08266753703355789,
561,1.1,0,-47.648432042494726,47648.43204249472,254285.72646533637,3.8054428100585938,-0.0001928858255269006,15.229156494140625,0.08266753703355789,
562,0.75,1,-51.689017416884845,43074.18118073737,842970.6713021174,3.8054428100585938,-0.0001928858255269006,15.229156494140625,0.08266753703355789,
563,1.1,0,-41.09384229622169,51367.30287027711,215311.25044862926,3.8054428100585938,-0.0001928858255269006,15.229156494140625,0.08266753703355789,
564,0.5,1,-70.02680162713645,43766.75101696028,2164009.161589167,3.8054428100585938,-0.0001928858255269006,15.229156494140625,0.08266753703355789,
565,0.5,1,-78.49049286801356,49056.55804250848,2370906.8590876977,3.8054428100585938,-0.0001928858255269006,15.229156494140625,0.08266753703355789,
566,1.1,1,-49.975688004721384,41646.40667060115,575187.3996571165,3.8054428100585938,-0.0001928858255269006,15.229156494140625,0.08266753703355789,
567,0.5,1,-39.37892,39378.92,1386087.8855864347,3.8054428100585938,-0.0001928858255269006,15.229156494140625,0.08266753703355789,
568,1.1,0,-66.57462722418622,41609.142015116384,453312.9384902595,3.8054428100585938,-0.0001928858255269006,15.229156494140625,0.08266753703355789,
569,1.1,0,-83.28739460243051,52054.621626519074,356777.00961147127,3.8054428100585938,-0.0001928858255269006,15.229156494140625,0.08266753703355789,
570,0.9,1,-73.54903363709667,45968.146023185414,792696.0816986689,3.456965684890747,0.002555477200075984,13.824286460876465,0.08306380361318588,
571,0.9,1,-65.30300108059865,40814.375675374155,1087550.2418634729,3.456965684890747,0.002555477200075984,13.824286460876465,0.08306380361318588,
572,1.1,1,-64.07778534764604,45769.84667689003,896259.1122166438,3.456965684890747,0.002555477200075984,13.824286460876465,0.08306380361318588,
573,0.75,1,-47.50594851641425,33932.820368867324,761309.755565581,3.456965684890747,0.002555477200075984,13.824286460876465,0.08306380361318588,
574,1.5,0,-45.31769786323366,45317.697863233654,205613.67592509944,3.456965684890747,0.002555477200075984,13.824286460876465,0.08306380361318588,
575,0.9,0,-67.6385602228672,42274.100139292,484928.8724320378,3.456965684890747,0.002555477200075984,13.824286460876465,0.08306380361318588,48499.53896406656
576,0.9,1,-61.68005707015943,51400.04755846619,439845.8747300779,3.456965684890747,0.002555477200075984,13.824286460876465,0.08306380361318588,
577,1.1,0,-44.92725193136068,41181.133552476946,289528.62776512594,3.456965684890747,0.002555477200075984,13.824286460876465,0.08306380361318588,
578,1.5,0,-82.74305325687422,68952.54438072852,249314.24431424477,3.456965684890747,0.002555477200075984,13.824286460876465,0.08306380361318588,
579,1.1,0,-80.83894584038754,57742.10417170538,344578.0837711636,3.456965684890747,0.002555477200075984,13.824286460876465,0.08306380361318588,
580,0.75,0,-52.45354149873875,43711.28458228229,503050.7039607423,3.6952295303344727,0.0015931309899315238,14.783135414123535,0.1073693260550499,
581,0.75,0,-62.30751584168831,44505.36845834879,539030.7908915028,3.6952295303344727,0.0015931309899315238,14.783135414123535,0.1073693260550499,
582,1.5,0,-35.92396550785492,44904.95688481866,189721.92489006108,3.6952295303344727,0.0015931309899315238,14.783135414123535,0.1073693260550499,
583,0.5,0,-31.75805537782452,39697.569222280654,438057.4643842728,3.6952295303344727,0.0015931309899315238,14.783135414123535,0.1073693260550499,
584,1.1,1,-41.679720637489666,41679.72063748966,507536.1832074233,3.6952295303344727,0.0015931309899315238,14.783135414123535,0.1073693260550499,
585,0.75,1,-68.93844160427761,43086.526002673505,1231823.0002053962,3.6952295303344727,0.0015931309899315238,14.783135414123535,0.1073693260550499,
586,0.9,1,-70.02912393804739,43768.20246127962,1381656.8105796687,3.6952295303344727,0.0015931309899315238,14.783135414123535,0.1073693260550499,
587,1.1,1,-84.45958104313095,52787.23815195685,830757.1733991944,3.6952295303344727,0.0015931309899315238,14.783135414123535,0.1073693260550499,
588,0.5,1,-54.2871190694348,45239.26589119567,1546704.9874047453,3.6952295303344727,0.0015931309899315238,14.783135414123535,0.1073693260550499,
589,0.5,0,-70.83922457723958,50599.446126599694,633421.4924005793,3.6952295303344727,0.0015931309899315238,14.783135414123535,0.1073693260550499,
590,0.5,0,-59.47436162300593,37171.476014378706,684768.9999333656,3.5351450443267822,-0.0007142236572690308,14.148856163024902,0.06773753464221954,
591,0.75,1,-69.29864622825697,43311.65389266061,1251077.067274573,3.5351450443267822,-0.0007142236572690308,14.148856163024902,0.06773753464221954,
592,0.9,1,-61.85025142955817,44178.75102111298,964486.1852448324,3.5351450443267822,-0.0007142236572690308,14.148856163024902,0.06773753464221954,
593,0.9,0,-70.67614041799072,50482.957441421946,323329.8209910617,3.5351450443267822,-0.0007142236572690308,14.148856163024902,0.06773753464221954,
594,0.75,1,-35.57440959854157,44468.01199817696,700817.4873672565,3.5351450443267822,-0.0007142236572690308,14.148856163024902,0.06773753464221954,
595,0.5,0,-61.46122478463378,43900.87484616698,775189.6931900602,3.5351450443267822,-0.0007142236572690308,14.148856163024902,0.06773753464221954,
596,0.5,0,-39.60956821365675,39609.568213656756,616062.2588871829,3.5351450443267822,-0.0007142236572690308,14.148856163024902,0.06773753464221954,
597,1.1,0,-66.06217540927176,55051.81284105979,336191.94766505447,3.5351450443267822,-0.0007142236572690308,14.148856163024902,0.06773753464221954,
598,1.5,0,-51.2844888255153,51284.48882551529,218812.65689058084,3.5351450443267822,-0.0007142236572690308,14.148856163024902,0.06773753464221954,
599,1.5,0,-38.69684668351765,48371.05835439706,214588.79485419954,3.5351450443267822,-0.0007142236572690308,14.148856163024902,0.06773753464221954,
600,0.9,0,-66.86949794891478,41793.43621807174,454296.79341968254,4.099790573120117,-0.000785750919021666,16.40911102294922,0.08506537973880768,48234.38066041185
